cliente_id,nombre,correo,tipo_usuario
1,Isidro Comas Perea,encarnacion45@example.com,cliente
2,Jose Ignacio Cristian Borja Fuente,lupe38@example.com,cliente
3,Eufemia Castellanos Pedrero,dvallejo@example.net,cliente
4,Maxi Canales,nereida35@example.org,cliente
5,Aránzazu Torrents,carrionmonica@example.net,cliente
6,José Manuel Bonet Barranco,ltorrijos@example.org,cliente
7,Valeria Malo Pomares,obduliaocana@example.org,cliente
8,Isabela Olivia Baena Ochoa,xpareja@example.net,cliente
9,Alexandra del Clavero,victor-manuelgil@example.org,cliente
10,Olivia Cabrera Ayllón,iromeu@example.net,cliente
11,Juana Pomares Serna,martirio06@example.org,cliente
12,Mireia Arnaiz Campo,araujoteodosio@example.net,cliente
13,Macaria Juan Ripoll,nicodemo90@example.org,cliente
14,Valero Cebrián Santamaría Angulo,telmo92@example.net,cliente
15,Encarnita Ricarda Ferrán Llano,isa68@example.net,cliente
16,Narcisa Mínguez Ferreras,cordobaeligia@example.org,cliente
17,Rodolfo de Carpio,boupili@example.net,cliente
18,Federico del Franch,giraltcebrian@example.org,cliente
19,Carla Jordana Roda Cabanillas,julie27@example.org,cliente
20,Trinidad José Mari Guardiola Fuentes,adelardomanso@example.net,cliente
21,Dimas Soria Iniesta,olallasanmiguel@example.org,cliente
22,Isabel Céspedes Barberá,ibanezgabriel@example.org,cliente
23,Víctor Ricart-Aroca,hernandofalcon@example.org,cliente
24,Reyes Vera Guardia,placido48@example.com,cliente
25,Verónica Jordán Hervás,yboada@example.net,cliente
26,Rolando Garzón Reguera,alarconsebastian@example.org,cliente
27,Eliana Montesinos Roig,ntorrent@example.com,cliente
28,Sara Alcalde Valera,palmerchita@example.com,cliente
29,Anunciación Perlita Alcalá Noriega,cruz35@example.net,cliente
30,Milagros Isa Chamorro Aller,alondra65@example.net,cliente
31,Bautista Arnal-Peláez,wguijarro@example.com,cliente
32,Salomón Zamorano Ortiz,benitezpepito@example.com,cliente
33,Édgar del Camino,coelloiris@example.org,cliente
34,Gastón Fulgencio Gordillo Ponce,yesicaavila@example.org,cliente
35,Cristian Hernandez Morillo,mfuente@example.org,cliente
36,Reynaldo Severo Izaguirre Company,rmiranda@example.org,cliente
37,Pepita Ribera España,pepitonadal@example.org,cliente
38,Delfina Barba Guitart,vcarnero@example.com,cliente
39,Moreno Sevillano Prada,panfiloriba@example.org,cliente
40,Xiomara Páez Ferrer,mateoroque@example.org,cliente
41,Chita Fábregas Coloma,bayonfelix@example.net,cliente
42,Teobaldo Victorino León Peralta,icastaneda@example.org,cliente
43,Román Benavides Aroca,sarita70@example.com,cliente
44,Cebrián Bustos Torrecilla,llorenstito@example.net,cliente
45,Apolinar Joel Soler Donoso,romulo45@example.com,cliente
46,Juan Francisco Vallés Peralta,timoteoamores@example.net,cliente
47,Fidela Español Ramirez,dalilacriado@example.net,cliente
48,Soraya Ibañez Adadia,isaac57@example.com,cliente
49,Lorenzo Llamas Vilar,alex63@example.net,cliente
50,Gertrudis Guillén Valenciano,arielfalco@example.net,cliente
51,Maura González Dominguez,celestino40@example.org,cliente
52,Duilio Candelario Acevedo Iglesias,anibalsandoval@example.org,cliente
53,Jacinta Martin Sabater,emiliana21@example.com,cliente
54,Hugo Guitart-Bueno,francisco-javierflores@example.com,cliente
55,Juan José Cazorla-Quirós,apolinarvillaverde@example.net,cliente
56,Armida Alcázar Maestre,reinaldoflor@example.net,cliente
57,Natalio Pérez-Pomares,baltasarhurtado@example.com,cliente
58,Felicia Rodrigo Diéguez,ejodar@example.net,cliente
59,María Robles Angulo,lastrafabian@example.org,cliente
60,Fortunato Tomé Morcillo,ollereligio@example.org,cliente
61,Hernando Roura Ureña,lupe71@example.net,cliente
62,Lina Bravo Aragón,gcasals@example.net,cliente
63,Eloy Villegas Andres,vmoran@example.com,cliente
64,Ramona Crespi Amat,orivera@example.org,cliente
65,Humberto Mora Torrens,pintorteresita@example.net,cliente
66,Rodrigo Colom Pont,lcespedes@example.net,cliente
67,Roberto Hierro Perez,abenitez@example.com,cliente
68,Clímaco Cobo Piquer,ezequielcespedes@example.org,cliente
69,Natanael López Rojas,amilcar33@example.com,cliente
70,Emilia Peñas Puerta,torrijosgenoveva@example.com,cliente
71,Diego Damián Luján Dominguez,urialucho@example.org,cliente
72,Verónica de Ramírez,gonzalezyesica@example.org,cliente
73,Tecla Rosales,edominguez@example.net,cliente
74,Elpidio Trillo Bertrán,salvadorloreto@example.net,cliente
75,Carmelita Codina Lucas,sosimo74@example.org,cliente
76,Reyes Bauzà,wnicolau@example.com,cliente
77,Loida Iñiguez-Castells,idominguez@example.org,cliente
78,Emilia Corbacho,martinjuan-antonio@example.net,cliente
79,Rómulo Camino Sanabria,maria-luisajara@example.org,cliente
80,Sebastian Leopoldo Lillo Villa,natalia37@example.net,cliente
81,Norberto Piñol Tur,pombobalduino@example.org,cliente
82,Evaristo Sedano Mariscal,adolfoaraujo@example.com,cliente
83,Sandra Soto Pedrosa,mercaderamelia@example.com,cliente
84,Eulalia Barrios Alcaraz,iiglesias@example.org,cliente
85,Marisol Mateos,regina14@example.net,cliente
86,Bernabé Colomer Guillen,carpionoelia@example.org,cliente
87,Benito Taboada-Cadenas,umorera@example.org,cliente
88,Camilo Trujillo Ojeda,ygallo@example.net,cliente
89,Noelia Marco Alberto,pascualsanchez@example.net,cliente
90,Diego Fabra Paredes,aragonesruth@example.net,cliente
91,Amado Aramburu Acedo,buenaventuraconde@example.com,cliente
92,Nerea Ricart Huguet,jpou@example.org,cliente
93,Baldomero Alcalde Amo,aranzazumascaro@example.net,cliente
94,Domingo del Seguí,gustavo49@example.net,cliente
95,Teodosio Solé Durán,manumoll@example.org,cliente
96,Eloy de Naranjo,adrianvalbuena@example.net,cliente
97,Carlito Salmerón Palomo,arseniolumbreras@example.com,cliente
98,Cándido Codina Hoz,agapitohernandez@example.com,cliente
99,Cándida Redondo Valbuena,ccanellas@example.org,cliente
100,Rebeca Olivares Pavón,pcanas@example.net,cliente
101,Manuel Caballero Sanmiguel,vascocueto@example.org,cliente
102,Zoraida Viana Benítez,teodosioespana@example.com,cliente
103,Malena Cortes Perales,bonifaciocasado@example.org,cliente
104,Elba Fidela Goicoechea Meléndez,hcarbo@example.org,cliente
105,José María Escalona Campillo,jordanguillen@example.com,cliente
106,Delfina Sol Salas Yuste,reynasolsona@example.com,cliente
107,Herminio del Fuentes,gonzalezjovita@example.net,cliente
108,Eutropio Castañeda,iespanol@example.net,cliente
109,Albina Valderrama-Madrigal,jose04@example.org,cliente
110,Joel del Roura,dimaschacon@example.org,cliente
111,Manuela del Manuel,dalvarez@example.net,cliente
112,Victoria Rico Arjona,xcespedes@example.com,cliente
113,Leonor Nogueira-Jaume,domenechmaura@example.com,cliente
114,Cosme Gelabert Baños,tapiavirgilio@example.org,cliente
115,Casandra Salinas Coloma,samuelcarrillo@example.net,cliente
116,Pastora Villena-Lillo,edgarfabregas@example.org,cliente
117,Petrona Múñiz Chico,mbayon@example.net,cliente
118,Evangelina Peiró,anna83@example.net,cliente
119,Merche Criado Pla,escolanoguadalupe@example.com,cliente
120,Juan Antonio de Toro,godoyfabian@example.net,cliente
121,Cristian de Izquierdo,espanolraul@example.com,cliente
122,Sabas Santamaría Salcedo,amorguillen@example.org,cliente
123,Manuelita Carreras,iriarteosvaldo@example.org,cliente
124,Luis Ángel Felipe Río Ortega,rosalinacozar@example.net,cliente
125,Román Carreras-Zurita,conchamadrigal@example.net,cliente
126,David Edgardo Prado Anguita,domitila36@example.com,cliente
127,Nicolasa de Tenorio,buenoluisa@example.com,cliente
128,Aureliano de Quirós,bernarda97@example.net,cliente
129,Lucía Fuente Lobo,coelloeliana@example.org,cliente
130,Antonia Guillen Merino,francisco57@example.com,cliente
131,León Higueras Nuñez,edu78@example.org,cliente
132,Rodrigo Pascual-Mora,talberto@example.org,cliente
133,Remigio Codina Águila,carlota13@example.net,cliente
134,Anacleto Gimenez Castellanos,aureliolujan@example.net,cliente
135,Jaime Osvaldo Toledo Gutiérrez,cabreramarisa@example.org,cliente
136,Valerio Blanes Suárez,fidel25@example.net,cliente
137,Chita Acedo Ordóñez,dominga61@example.org,cliente
138,Ana Simó Cánovas,ealegria@example.com,cliente
139,Pastora Roldán Sebastián,domitila70@example.net,cliente
140,Joel Bejarano Hervás,tfranco@example.com,cliente
141,Aitor Calvo Alfaro,hfuente@example.com,cliente
142,Josep Tur-Ballester,felicidad26@example.org,cliente
143,Angelita Rosa Jara,bvalles@example.com,cliente
144,Martina Juárez-Ríos,francisco48@example.net,cliente
145,Pancho Méndez Bartolomé,edgardobautista@example.com,cliente
146,Benita Ortega Peláez,caguilar@example.org,cliente
147,Mónica Uriarte Carnero,zmir@example.com,cliente
148,Emiliano Rios Rius,perlitaquintero@example.org,cliente
149,Miguel Ángel Anguita,ciriacocerezo@example.com,cliente
150,Bernardita del Aguiló,maytenaranjo@example.net,cliente
151,Evita Salamanca Ballesteros,zuritajose@example.com,cliente
152,Ofelia Casado Portillo,cabrerofito@example.org,cliente
153,Wálter Llorente Melero,enrique70@example.net,cliente
154,Seve de Español,dbotella@example.com,cliente
155,Eva María Nuñez Pereira,soledadsegura@example.org,cliente
156,Lorenza Vazquez Crespi,arrietasandra@example.com,cliente
157,Vasco Fito Flor Atienza,ysevillano@example.org,cliente
158,Rufino de Royo,trillociriaco@example.net,cliente
159,Zacarías Cerezo Cobos,miriam80@example.net,cliente
160,Tristán Valero Nicolau,aguadoamaro@example.net,cliente
161,Demetrio Ricart Aragonés,rcoca@example.net,cliente
162,Ramiro Dominguez,cpont@example.net,cliente
163,Jorge Fabra Román,broig@example.org,cliente
164,Victoriano Juliá-Ferrero,dmuniz@example.org,cliente
165,Merche Puig Barceló,loidamartinez@example.org,cliente
166,Charo Molina Zorrilla,santanaclotilde@example.net,cliente
167,Ciro Infante Zamora,maria-belen16@example.com,cliente
168,Felix Mora Larrañaga,lupebautista@example.com,cliente
169,Octavio Taboada Cortina,saezomar@example.net,cliente
170,Ignacio Aníbal Águila Contreras,campsjuan-pablo@example.org,cliente
171,Pepito Cortés-Palmer,vasco12@example.net,cliente
172,Dora Jurado Barranco,mateurocio@example.net,cliente
173,Sol Herrera Expósito,haroldosole@example.com,cliente
174,Trini Huguet,vera01@example.net,cliente
175,Ramón de Huerta,yvizcaino@example.com,cliente
176,María Jesús Valderrama Paz,vnunez@example.com,cliente
177,Evangelina Barberá Pol,mansoazucena@example.com,cliente
178,Elvira Posada Carballo,anita93@example.com,cliente
179,Nadia Barros Velasco,porfirio05@example.com,cliente
180,Feliciana Jover,sanzedu@example.org,cliente
181,Juan Luis Guerrero Tejero,saurajuan-carlos@example.org,cliente
182,Jimena del Paniagua,fito94@example.net,cliente
183,Maximino Tamarit Monreal,fernanda91@example.org,cliente
184,Isabela Mur,fannyfiguerola@example.com,cliente
185,Javi Gárate Alberdi,bcaballero@example.com,cliente
186,Cecilio Cárdenas-Hervás,sandrapuerta@example.org,cliente
187,Bautista Curro Domingo Anglada,ivan38@example.net,cliente
188,Pepita Patiño Abellán,srossello@example.net,cliente
189,Teo Gonzalo Bastida,silviabonilla@example.net,cliente
190,Galo Cáceres-Flor,vgarrido@example.net,cliente
191,Nieves Sedano Montero,brunoreyes@example.com,cliente
192,Alma Elorza,qfalcon@example.com,cliente
193,Dan Díaz Solera,inigomorell@example.com,cliente
194,Sancho Agustín Jove Mínguez,bustamanteliliana@example.net,cliente
195,Narciso Tapia Sarmiento,miguelcespedes@example.com,cliente
196,Macaria Haro Pineda,royojessica@example.com,cliente
197,Adelina Alcolea,mamen57@example.net,cliente
198,Seve Haroldo Galiano Hervás,renesaenz@example.net,cliente
199,Alondra de Aparicio,ester92@example.net,cliente
200,Gervasio Tamayo Villalba,xiomara42@example.net,cliente
