cliente_id,nombre_completo,email
1,Eloy Bonet Ramón,candido06@example.net
2,Eva del Azorin,elpidionavas@example.net
3,Odalys Higueras Céspedes,rubiomaria-angeles@example.org
4,Florinda Anastasia Agudo Moles,ccal@example.org
5,Bernardino Almazán Manzanares,qtapia@example.com
6,Rodrigo Mayol Nuñez,mgabaldon@example.net
7,Marcia Miró,puigteodora@example.net
8,Irma Torre,gperera@example.org
9,Primitivo Blanch Torrens,francisco55@example.net
10,Verónica Beltrán Saura,bnavarrete@example.org
11,Anunciación Parra-Alberto,jenaro68@example.net
12,Miguel Maestre Uría,candelastomas@example.org
13,Julio Sales Pinedo,aarregui@example.org
14,Celia Almazán Jerez,isidora46@example.net
15,Abigaíl Camps Barros,laura11@example.com
16,Rómulo Pina Beltrán,uandres@example.com
17,Alejandra Nadal Ribas,amado26@example.org
18,Gilberto Gutierrez Bermudez,villenaroldan@example.net
19,Camilo Yago Manuel Porras,edmundo85@example.net
20,Maxi Diaz Pomares,vbarrios@example.org
21,Nayara Almansa Olmedo,tsanmartin@example.com
22,Cebrián Vélez Morcillo,olegariovall@example.org
23,Paola del Gomila,ciro48@example.org
24,Venceslás Montserrat,romulo08@example.org
25,José Antonio Flores,ferrerajulio@example.net
26,Aristides del Blanes,casandra82@example.net
27,Rubén Tomé Ugarte,qanaya@example.net
28,Teresita Torre-Niño,ggomez@example.org
29,Mercedes Adelaida Urrutia Nuñez,badiaponcio@example.com
30,Nayara Rivero Moles,inocencio75@example.org
31,Graciano Barrios Ribera,qvall@example.org
32,Florina del Bayón,donato48@example.net
33,Amor Pintor Aznar,gmartin@example.com
34,Ramona Morata-Herrera,clarranaga@example.net
35,Fabiola Hurtado-Sarabia,nicolas02@example.org
36,Iker Valderrama Catalán,earnau@example.net
37,Fermín Pelayo Giner,silvaanna@example.net
38,Patricio Luis Ángel Alcalá Montes,sgoni@example.org
39,Erasmo Diéguez-Rico,teodoro09@example.org
40,Nerea Cózar Figuerola,leonbeatriz@example.org
41,Sofía Ferrera,angelina73@example.com
42,Araceli Calderón,zlosa@example.org
43,Ámbar Bauzà,zramos@example.com
44,Amor Roselló Ruano,fabio72@example.org
45,Dionisio Arcos,virginiagalindo@example.org
46,Ángeles Amigó Alba,jmontserrat@example.org
47,Óscar Hoz Ruano,aurea24@example.org
48,Nico Modesto Morcillo Garay,pardomireia@example.org
49,Coral Ribas Girona,jportillo@example.org
50,Angélica Valdés Arnau,emilio71@example.org
